#{"t_start": 1648538707.2234108, "env_id": "PandaPickAndPlace-v1"}
r,l,t,is_success
-50.0,50,7.146565,0.0
-50.0,50,7.293306,0.0
-50.0,50,7.621904,0.0
-50.0,50,8.609328,0.0
-50.0,50,9.589616,0.0
-50.0,50,10.559168,0.0
-50.0,50,11.564771,0.0
-50.0,50,12.526202,0.0
-50.0,50,13.493946,0.0
-50.0,50,14.511915,0.0
-50.0,50,15.490557,0.0
-50.0,50,16.37544,0.0
-50.0,50,17.31208,0.0
-50.0,50,18.248153,0.0
-50.0,50,19.176103,0.0
-50.0,50,20.050864,0.0
-50.0,50,21.09691,0.0
-50.0,50,22.020441,0.0
-50.0,50,22.873607,0.0
-50.0,50,23.732067,0.0
-50.0,50,24.506124,0.0
-50.0,50,25.316908,0.0
-50.0,50,26.324664,0.0
-50.0,50,27.28614,0.0
-50.0,50,28.225224,0.0
-50.0,50,29.168473,0.0
-50.0,50,30.199325,0.0
-50.0,50,31.134282,0.0
-50.0,50,32.070639,0.0
-50.0,50,32.968135,0.0
-50.0,50,33.917529,0.0
-50.0,50,34.845138,0.0
-50.0,50,35.816691,0.0
-50.0,50,36.814239,0.0
-50.0,50,37.643541,0.0
-50.0,50,38.470287,0.0
-50.0,50,39.279827,0.0
-50.0,50,40.123158,0.0
-50.0,50,40.917272,0.0
-50.0,50,41.698576,0.0
-50.0,50,42.537607,0.0
-50.0,50,43.310358,0.0
-50.0,50,44.137599,0.0
-50.0,50,44.982174,0.0
-50.0,50,45.764612,0.0
-50.0,50,46.509412,0.0
-50.0,50,47.30106,0.0
-50.0,50,48.103901,0.0
-50.0,50,49.125224,0.0
-50.0,50,50.154053,0.0
-50.0,50,51.206005,0.0
-50.0,50,52.235685,0.0
-50.0,50,53.106268,0.0
-50.0,50,54.053183,0.0
-50.0,50,54.986155,0.0
-50.0,50,55.992458,0.0
-50.0,50,57.010381,0.0
-50.0,50,58.024325,0.0
-50.0,50,59.007167,0.0
-50.0,50,59.981057,0.0
-50.0,50,60.908495,0.0
-50.0,50,61.834185,0.0
-50.0,50,62.833357,0.0
-50.0,50,63.759075,0.0
-50.0,50,64.539889,0.0
-50.0,50,65.325825,0.0
-50.0,50,66.123313,0.0
0.0,50,67.124376,1.0
-50.0,50,68.059965,0.0
-50.0,50,68.955906,0.0
-50.0,50,69.880167,0.0
-50.0,50,70.856847,0.0
-50.0,50,71.870083,0.0
-50.0,50,72.794552,0.0
-50.0,50,73.685451,0.0
-50.0,50,74.569371,0.0
-50.0,50,75.494487,0.0
-50.0,50,76.554463,0.0
-50.0,50,77.545362,0.0
-50.0,50,78.563987,0.0
-50.0,50,79.497952,0.0
-50.0,50,80.433378,0.0
-50.0,50,81.309165,0.0
-50.0,50,82.394662,0.0
-50.0,50,83.412415,0.0
-50.0,50,84.351972,0.0
-50.0,50,85.328633,0.0
-50.0,50,86.377289,0.0
-50.0,50,87.381381,0.0
-50.0,50,88.346715,0.0
-50.0,50,89.362888,0.0
-50.0,50,90.340118,0.0
-50.0,50,91.319098,0.0
-50.0,50,92.31359,0.0
-50.0,50,93.244684,0.0
-50.0,50,94.175725,0.0
-50.0,50,95.00402,0.0
-50.0,50,95.795544,0.0
-50.0,50,96.604302,0.0
-50.0,50,97.517956,0.0
-50.0,50,98.45245,0.0
-50.0,50,99.406671,0.0
-50.0,50,100.439555,0.0
-50.0,50,101.429709,0.0
-50.0,50,102.354124,0.0
-50.0,50,103.406156,0.0
-50.0,50,104.394252,0.0
-50.0,50,105.362327,0.0
-50.0,50,106.396693,0.0
-50.0,50,107.364056,0.0
-50.0,50,108.290833,0.0
-50.0,50,109.261431,0.0
-50.0,50,110.160057,0.0
-50.0,50,111.093983,0.0
-50.0,50,112.155394,0.0
-50.0,50,112.91984,0.0
-50.0,50,113.708817,0.0
-50.0,50,114.492492,0.0
-50.0,50,115.328215,0.0
-50.0,50,116.30218,0.0
-50.0,50,117.154847,0.0
-50.0,50,117.957813,0.0
-50.0,50,118.742924,0.0
-50.0,50,119.575214,0.0
-50.0,50,120.345898,0.0
-50.0,50,121.128746,0.0
-50.0,50,122.077806,0.0
-50.0,50,123.01118,0.0
-50.0,50,123.996564,0.0
-50.0,50,124.981049,0.0
-50.0,50,125.963661,0.0
-50.0,50,126.953803,0.0
-50.0,50,127.958138,0.0
-50.0,50,128.98595,0.0
-50.0,50,129.88779,0.0
-50.0,50,130.815644,0.0
-50.0,50,131.730674,0.0
0.0,50,132.678195,1.0
-50.0,50,133.723179,0.0
-50.0,50,134.737183,0.0
-50.0,50,135.568048,0.0
-50.0,50,136.437361,0.0
-50.0,50,137.284917,0.0
-50.0,50,138.308036,0.0
-50.0,50,139.311644,0.0
-50.0,50,140.297502,0.0
-50.0,50,141.268823,0.0
-50.0,50,142.258581,0.0
-50.0,50,143.238781,0.0
-50.0,50,144.251111,0.0
-50.0,50,145.265162,0.0
-50.0,50,146.278245,0.0
-50.0,50,147.210251,0.0
-50.0,50,148.316007,0.0
-50.0,50,149.306518,0.0
-50.0,50,150.296587,0.0
-50.0,50,151.292431,0.0
-50.0,50,152.414965,0.0
-50.0,50,153.407722,0.0
-50.0,50,154.409501,0.0
-45.0,50,155.381946,0.0
-50.0,50,156.43238,0.0
-50.0,50,157.42437,0.0
-50.0,50,158.453197,0.0
-50.0,50,159.444628,0.0
-50.0,50,160.464022,0.0
-50.0,50,161.493093,0.0
-50.0,50,162.519842,0.0
-50.0,50,163.533166,0.0
-50.0,50,164.568056,0.0
-50.0,50,165.637948,0.0
-50.0,50,166.594373,0.0
-50.0,50,167.728419,0.0
-50.0,50,168.774335,0.0
-50.0,50,169.900738,0.0
-50.0,50,170.860277,0.0
-50.0,50,171.818156,0.0
-50.0,50,172.665958,0.0
-50.0,50,173.541941,0.0
-50.0,50,174.585849,0.0
-50.0,50,175.555725,0.0
-50.0,50,176.502414,0.0
-50.0,50,177.516463,0.0
-50.0,50,178.59875,0.0
0.0,50,179.597494,1.0
-50.0,50,180.523322,0.0
-50.0,50,181.558022,0.0
-50.0,50,182.547382,0.0
-50.0,50,183.497006,0.0
-50.0,50,184.607453,0.0
-50.0,50,185.527744,0.0
0.0,50,186.488492,1.0
-50.0,50,187.288965,0.0
-50.0,50,188.155606,0.0
-50.0,50,189.006458,0.0
-50.0,50,189.966841,0.0
-50.0,50,190.868527,0.0
-50.0,50,191.744593,0.0
-50.0,50,192.601728,0.0
-50.0,50,193.390834,0.0
-50.0,50,194.258626,0.0
-50.0,50,195.051952,0.0
-50.0,50,195.961234,0.0
-50.0,50,196.82844,0.0
-50.0,50,197.786794,0.0
-50.0,50,198.851353,0.0
-50.0,50,199.887788,0.0
-50.0,50,200.946138,0.0
-50.0,50,201.992151,0.0
-50.0,50,203.091028,0.0
-50.0,50,204.12689,0.0
-50.0,50,205.125692,0.0
-50.0,50,206.165197,0.0
-50.0,50,207.121319,0.0
-50.0,50,208.018006,0.0
-50.0,50,209.026167,0.0
-50.0,50,209.984418,0.0
-50.0,50,211.045993,0.0
-50.0,50,212.100243,0.0
-50.0,50,213.093583,0.0
-50.0,50,214.139346,0.0
-50.0,50,215.310093,0.0
-50.0,50,216.419193,0.0
-50.0,50,217.376135,0.0
-50.0,50,218.530154,0.0
-50.0,50,219.615074,0.0
-50.0,50,220.591161,0.0
-50.0,50,221.56741,0.0
-50.0,50,222.412656,0.0
-49.0,50,223.281942,0.0
-50.0,50,224.11794,0.0
-50.0,50,224.940454,0.0
-50.0,50,225.975454,0.0
-50.0,50,226.987325,0.0
-50.0,50,228.006438,0.0
0.0,50,228.985025,1.0
-50.0,50,230.040615,0.0
-50.0,50,231.065035,0.0
-50.0,50,232.119911,0.0
-50.0,50,233.077543,0.0
-50.0,50,234.066054,0.0
-50.0,50,235.079602,0.0
-50.0,50,236.160056,0.0
-50.0,50,237.24297,0.0
-50.0,50,238.264171,0.0
-50.0,50,239.341652,0.0
-50.0,50,240.34403,0.0
-50.0,50,241.438535,0.0
-50.0,50,242.437563,0.0
-50.0,50,243.509873,0.0
-50.0,50,244.527685,0.0
-50.0,50,245.505143,0.0
-50.0,50,246.408702,0.0
-50.0,50,247.390745,0.0
-50.0,50,248.356292,0.0
-50.0,50,249.288418,0.0
-50.0,50,250.229483,0.0
-50.0,50,251.303241,0.0
-50.0,50,252.310604,0.0
-50.0,50,253.331014,0.0
-50.0,50,254.376885,0.0
-50.0,50,255.406222,0.0
-50.0,50,256.426383,0.0
-50.0,50,257.500755,0.0
0.0,50,258.475661,1.0
-50.0,50,259.494956,0.0
-50.0,50,260.506827,0.0
-50.0,50,261.380139,0.0
-50.0,50,262.216764,0.0
-50.0,50,263.078047,0.0
-50.0,50,263.937265,0.0
-50.0,50,264.765539,0.0
-50.0,50,265.622285,0.0
-50.0,50,266.511606,0.0
-50.0,50,267.443024,0.0
-50.0,50,268.404527,0.0
-50.0,50,269.244767,0.0
-50.0,50,270.110515,0.0
-50.0,50,271.034181,0.0
-50.0,50,271.884663,0.0
-50.0,50,272.801637,0.0
0.0,50,273.703341,1.0
-50.0,50,274.832511,0.0
-50.0,50,275.844146,0.0
-39.0,50,276.842201,0.0
-50.0,50,277.815587,0.0
-50.0,50,278.78458,0.0
-50.0,50,279.7977,0.0
-50.0,50,280.770363,0.0
-50.0,50,281.826509,0.0
-50.0,50,282.855238,0.0
-50.0,50,283.805957,0.0
-50.0,50,284.811586,0.0
-50.0,50,285.808082,0.0
-50.0,50,286.874019,0.0
-50.0,50,287.86281,0.0
-50.0,50,288.875466,0.0
-50.0,50,289.860874,0.0
-50.0,50,290.905712,0.0
0.0,50,291.933335,1.0
-50.0,50,292.893137,0.0
-50.0,50,293.916277,0.0
-50.0,50,294.941857,0.0
-50.0,50,295.960896,0.0
-50.0,50,296.963503,0.0
-50.0,50,298.017567,0.0
-50.0,50,299.100613,0.0
-50.0,50,300.200285,0.0
-50.0,50,301.203248,0.0
-50.0,50,302.088943,0.0
-50.0,50,302.988535,0.0
-50.0,50,303.875106,0.0
-50.0,50,304.959211,0.0
-50.0,50,305.947417,0.0
-50.0,50,307.005945,0.0
-50.0,50,308.007,0.0
-50.0,50,309.020464,0.0
-50.0,50,310.110466,0.0
-50.0,50,311.15102,0.0
-50.0,50,312.15687,0.0
-50.0,50,313.181815,0.0
-50.0,50,314.20537,0.0
-50.0,50,315.228827,0.0
-50.0,50,316.194106,0.0
-50.0,50,317.160706,0.0
-50.0,50,318.211968,0.0
-50.0,50,319.220983,0.0
-50.0,50,320.230201,0.0
-50.0,50,321.260294,0.0
-50.0,50,322.324336,0.0
-50.0,50,323.438192,0.0
-50.0,50,324.414263,0.0
-50.0,50,325.426038,0.0
-50.0,50,326.51138,0.0
-50.0,50,327.671063,0.0
-50.0,50,328.710541,0.0
-50.0,50,329.701505,0.0
-50.0,50,330.701906,0.0
-50.0,50,331.725477,0.0
-50.0,50,332.613068,0.0
-50.0,50,333.441303,0.0
-50.0,50,334.240466,0.0
-50.0,50,335.149045,0.0
-50.0,50,336.208912,0.0
0.0,50,337.291698,1.0
-50.0,50,338.301896,0.0
-50.0,50,339.17065,0.0
-50.0,50,340.08902,0.0
-50.0,50,340.934568,0.0
-50.0,50,341.852334,0.0
-50.0,50,342.708505,0.0
-50.0,50,343.605586,0.0
-50.0,50,344.463372,0.0
-50.0,50,345.305178,0.0
-50.0,50,346.196961,0.0
-50.0,50,347.039843,0.0
-50.0,50,347.888085,0.0
-50.0,50,348.769852,0.0
-50.0,50,349.762973,0.0
-50.0,50,350.737108,0.0
-50.0,50,351.708975,0.0
-50.0,50,352.665702,0.0
-50.0,50,353.626936,0.0
-50.0,50,354.595566,0.0
-50.0,50,355.55319,0.0
-50.0,50,356.531804,0.0
-50.0,50,357.522115,0.0
-50.0,50,358.604169,0.0
-50.0,50,359.652413,0.0
-50.0,50,360.764313,0.0
-50.0,50,361.834882,0.0
-50.0,50,362.86674,0.0
-50.0,50,363.901071,0.0
-50.0,50,364.975441,0.0
-50.0,50,366.03419,0.0
-50.0,50,367.020415,0.0
-50.0,50,368.046454,0.0
-50.0,50,369.095114,0.0
-50.0,50,370.091354,0.0
-50.0,50,371.083853,0.0
-50.0,50,372.180454,0.0
-50.0,50,373.226122,0.0
-50.0,50,374.241232,0.0
-50.0,50,375.306126,0.0
-50.0,50,376.309588,0.0
-50.0,50,377.300042,0.0
-50.0,50,378.305742,0.0
-50.0,50,379.310092,0.0
-50.0,50,380.268865,0.0
-50.0,50,381.303251,0.0
-50.0,50,382.298508,0.0
-50.0,50,383.335503,0.0
-50.0,50,384.132448,0.0
-50.0,50,385.011161,0.0
-50.0,50,385.858323,0.0
-50.0,50,386.730673,0.0
-50.0,50,387.744019,0.0
-50.0,50,388.7372,0.0
-50.0,50,389.795295,0.0
-50.0,50,390.798836,0.0
-50.0,50,391.841606,0.0
-50.0,50,392.896818,0.0
-50.0,50,393.912264,0.0
-50.0,50,395.001193,0.0
-50.0,50,396.02087,0.0
-50.0,50,396.965791,0.0
-50.0,50,397.97626,0.0
-50.0,50,398.934663,0.0
-50.0,50,399.995314,0.0
-50.0,50,401.044033,0.0
-50.0,50,401.981445,0.0
-50.0,50,402.962765,0.0
-50.0,50,403.931042,0.0
-50.0,50,404.948473,0.0
-50.0,50,405.87264,0.0
-50.0,50,406.854171,0.0
-50.0,50,407.848819,0.0
-50.0,50,408.775763,0.0
-50.0,50,409.771183,0.0
-50.0,50,410.813318,0.0
-50.0,50,411.85659,0.0
-50.0,50,412.746318,0.0
-50.0,50,413.719891,0.0
-50.0,50,414.654582,0.0
-50.0,50,415.646738,0.0
-50.0,50,416.556257,0.0
-50.0,50,417.411741,0.0
-50.0,50,418.33521,0.0
-50.0,50,419.189841,0.0
-50.0,50,420.03762,0.0
-50.0,50,420.91016,0.0
-50.0,50,421.793962,0.0
-50.0,50,422.679997,0.0
-50.0,50,423.692543,0.0
-50.0,50,424.70997,0.0
-50.0,50,425.789289,0.0
-50.0,50,426.759696,0.0
-50.0,50,427.783071,0.0
-50.0,50,428.887252,0.0
-50.0,50,429.926856,0.0
-50.0,50,430.870426,0.0
-50.0,50,431.77682,0.0
-50.0,50,432.80514,0.0
-50.0,50,433.85333,0.0
-50.0,50,434.907226,0.0
-50.0,50,435.966262,0.0
-50.0,50,436.993171,0.0
-50.0,50,437.9901,0.0
-50.0,50,438.94757,0.0
-50.0,50,439.952491,0.0
-50.0,50,440.978305,0.0
-50.0,50,442.048945,0.0
-50.0,50,443.350023,0.0
-50.0,50,444.383273,0.0
0.0,50,445.412653,1.0
-50.0,50,446.426497,0.0
-50.0,50,447.477975,0.0
-50.0,50,448.54501,0.0
-50.0,50,449.587234,0.0
-50.0,50,450.659948,0.0
-50.0,50,451.636848,0.0
-50.0,50,452.652579,0.0
-50.0,50,453.725946,0.0
-50.0,50,454.768425,0.0
-50.0,50,455.871677,0.0
-50.0,50,456.905614,0.0
-50.0,50,457.911601,0.0
-50.0,50,458.939961,0.0
-50.0,50,459.972781,0.0
-50.0,50,460.827544,0.0
-50.0,50,461.657449,0.0
-50.0,50,462.521925,0.0
-50.0,50,463.481878,0.0
-50.0,50,464.618924,0.0
-50.0,50,465.72062,0.0
-50.0,50,466.757133,0.0
-50.0,50,467.817156,0.0
-50.0,50,468.850133,0.0
-50.0,50,469.896809,0.0
-50.0,50,470.910624,0.0
-50.0,50,471.971357,0.0
-50.0,50,472.967098,0.0
-50.0,50,473.947811,0.0
-50.0,50,474.947158,0.0
-50.0,50,475.989534,0.0
-50.0,50,476.936944,0.0
-50.0,50,477.909806,0.0
-50.0,50,478.998353,0.0
-50.0,50,480.040147,0.0
-50.0,50,481.067717,0.0
-50.0,50,482.161806,0.0
-50.0,50,483.212304,0.0
-50.0,50,484.203705,0.0
-50.0,50,485.238149,0.0
-50.0,50,486.303248,0.0
-50.0,50,487.256869,0.0
-50.0,50,488.210585,0.0
-50.0,50,489.044053,0.0
-50.0,50,489.95521,0.0
-50.0,50,490.857966,0.0
-50.0,50,491.695907,0.0
-50.0,50,492.545168,0.0
-50.0,50,493.399107,0.0
-50.0,50,494.247712,0.0
-50.0,50,495.109362,0.0
-50.0,50,496.049768,0.0
-50.0,50,497.043391,0.0
-50.0,50,498.024724,0.0
-50.0,50,499.040588,0.0
-50.0,50,499.944501,0.0
-50.0,50,500.73653,0.0
-50.0,50,501.56922,0.0
-50.0,50,502.452407,0.0
-50.0,50,503.448001,0.0
-50.0,50,504.503199,0.0
-50.0,50,505.533757,0.0
-50.0,50,506.528748,0.0
-50.0,50,507.585258,0.0
-50.0,50,508.6237,0.0
0.0,50,509.60047,1.0
-50.0,50,510.631402,0.0
-50.0,50,511.672455,0.0
-50.0,50,512.739577,0.0
-50.0,50,513.779439,0.0
-50.0,50,514.77076,0.0
-50.0,50,515.795706,0.0
-50.0,50,516.806362,0.0
-50.0,50,517.77445,0.0
-50.0,50,518.754282,0.0
-50.0,50,519.835961,0.0
-50.0,50,520.889359,0.0
-50.0,50,521.949601,0.0
-50.0,50,522.962683,0.0
-50.0,50,523.992877,0.0
-50.0,50,524.982391,0.0
-45.0,50,526.046453,0.0
-50.0,50,527.080536,0.0
-40.0,50,528.114386,0.0
-50.0,50,529.208303,0.0
-50.0,50,530.26836,0.0
-50.0,50,531.312198,0.0
-50.0,50,532.36337,0.0
-50.0,50,533.330061,0.0
-50.0,50,534.280408,0.0
-50.0,50,535.288914,0.0
-50.0,50,536.235905,0.0
-50.0,50,537.088943,0.0
-50.0,50,537.946677,0.0
-50.0,50,538.841713,0.0
-50.0,50,539.853535,0.0
-50.0,50,540.883517,0.0
-50.0,50,542.048384,0.0
-50.0,50,543.070657,0.0
-50.0,50,544.087138,0.0
-50.0,50,545.118687,0.0
-50.0,50,546.130445,0.0
-50.0,50,547.170397,0.0
0.0,50,548.192568,1.0
-50.0,50,549.18028,0.0
-50.0,50,550.197441,0.0
-50.0,50,551.221846,0.0
-50.0,50,552.240345,0.0
-50.0,50,553.281352,0.0
-50.0,50,554.295405,0.0
-50.0,50,555.260413,0.0
-50.0,50,556.268532,0.0
-50.0,50,557.30396,0.0
-50.0,50,558.314743,0.0
-50.0,50,559.255998,0.0
-50.0,50,560.221324,0.0
-50.0,50,561.223925,0.0
-50.0,50,562.248533,0.0
-50.0,50,563.102857,0.0
-50.0,50,563.966618,0.0
-50.0,50,564.871388,0.0
-50.0,50,565.761907,0.0
-50.0,50,566.648643,0.0
-50.0,50,567.556244,0.0
-50.0,50,568.470808,0.0
-50.0,50,569.338338,0.0
-50.0,50,570.217489,0.0
-50.0,50,571.054007,0.0
-50.0,50,571.931144,0.0
-50.0,50,572.908271,0.0
-50.0,50,573.980397,0.0
-50.0,50,575.01234,0.0
-50.0,50,576.04128,0.0
-50.0,50,577.08352,0.0
-50.0,50,578.124637,0.0
-50.0,50,579.183627,0.0
-50.0,50,580.187276,0.0
-50.0,50,581.214266,0.0
-50.0,50,582.260397,0.0
-50.0,50,583.273882,0.0
-50.0,50,584.127355,0.0
-50.0,50,585.009837,0.0
-50.0,50,585.925286,0.0
-50.0,50,586.957492,0.0
-50.0,50,588.00223,0.0
-50.0,50,589.034032,0.0
-50.0,50,590.15967,0.0
-50.0,50,591.195761,0.0
-50.0,50,592.259907,0.0
-50.0,50,593.300521,0.0
0.0,50,594.323781,1.0
-50.0,50,595.378085,0.0
-50.0,50,596.420381,0.0
-50.0,50,597.448633,0.0
0.0,50,598.488705,1.0
-50.0,50,599.578808,0.0
-50.0,50,600.647691,0.0
-50.0,50,601.657956,0.0
-50.0,50,602.738244,0.0
-50.0,50,603.78205,0.0
-50.0,50,604.802118,0.0
-50.0,50,605.886229,0.0
-50.0,50,606.904357,0.0
-50.0,50,607.89413,0.0
-50.0,50,608.983249,0.0
-50.0,50,610.142575,0.0
-50.0,50,611.273986,0.0
-50.0,50,612.364026,0.0
-50.0,50,613.401863,0.0
-50.0,50,614.488275,0.0
-50.0,50,615.506313,0.0
-50.0,50,616.491074,0.0
-6.0,50,617.587371,1.0
-50.0,50,618.650897,0.0
-50.0,50,619.676459,0.0
-50.0,50,620.699726,0.0
-50.0,50,621.737625,0.0
0.0,50,622.728612,1.0
-50.0,50,623.740224,0.0
-50.0,50,624.845964,0.0
-50.0,50,625.867171,0.0
-50.0,50,626.758783,0.0
-50.0,50,627.531606,0.0
-50.0,50,628.387795,0.0
-50.0,50,629.404056,0.0
-50.0,50,630.416016,0.0
-50.0,50,631.512224,0.0
-50.0,50,632.537682,0.0
-50.0,50,633.609366,0.0
-50.0,50,634.669112,0.0
-50.0,50,635.71564,0.0
-50.0,50,636.722942,0.0
-50.0,50,637.570322,0.0
-50.0,50,638.490342,0.0
-50.0,50,639.402914,0.0
-50.0,50,640.341775,0.0
-50.0,50,641.315994,0.0
-50.0,50,642.33039,0.0
-50.0,50,643.233445,0.0
-50.0,50,644.144073,0.0
-50.0,50,644.995471,0.0
-50.0,50,645.803732,0.0
-50.0,50,646.924251,0.0
-50.0,50,647.972124,0.0
-45.0,50,648.987278,0.0
-50.0,50,649.957068,0.0
-50.0,50,650.971474,0.0
0.0,50,651.980108,1.0
-50.0,50,652.979825,0.0
-50.0,50,653.998474,0.0
-50.0,50,654.982812,0.0
-50.0,50,656.097049,0.0
-50.0,50,657.133977,0.0
-50.0,50,658.216039,0.0
-50.0,50,659.297278,0.0
-50.0,50,660.355336,0.0
-50.0,50,661.397757,0.0
0.0,50,662.510479,1.0
-50.0,50,663.586475,0.0
-50.0,50,664.651111,0.0
-50.0,50,665.566059,0.0
-50.0,50,666.455322,0.0
-50.0,50,667.301924,0.0
-50.0,50,668.283307,0.0
-50.0,50,669.388563,0.0
-50.0,50,670.472713,0.0
-50.0,50,671.603538,0.0
-50.0,50,672.700386,0.0
-50.0,50,673.788463,0.0
-50.0,50,674.836223,0.0
-50.0,50,675.888114,0.0
-49.0,50,676.939698,0.0
-50.0,50,677.937269,0.0
-50.0,50,678.945394,0.0
-50.0,50,679.945926,0.0
-48.0,50,680.995826,0.0
-50.0,50,682.027328,0.0
-50.0,50,683.071594,0.0
-50.0,50,684.114208,0.0
0.0,50,685.11534,1.0
-50.0,50,686.14848,0.0
-50.0,50,687.170507,0.0
-50.0,50,688.216402,0.0
-50.0,50,689.198902,0.0
-50.0,50,690.422161,0.0
-50.0,50,691.425078,0.0
-50.0,50,692.502691,0.0
-50.0,50,693.512044,0.0
-48.0,50,694.546204,0.0
-50.0,50,695.512802,0.0
-50.0,50,696.384765,0.0
-50.0,50,697.248019,0.0
-50.0,50,698.165197,0.0
-50.0,50,699.107126,0.0
-50.0,50,700.106708,0.0
-50.0,50,701.223793,0.0
-50.0,50,702.281687,0.0
-50.0,50,703.369642,0.0
-50.0,50,704.518421,0.0
-50.0,50,705.541885,0.0
-50.0,50,706.529441,0.0
-50.0,50,707.587509,0.0
-50.0,50,708.703367,0.0
-50.0,50,709.754443,0.0
-50.0,50,710.831913,0.0
-50.0,50,711.753719,0.0
-50.0,50,712.661095,0.0
-50.0,50,713.536954,0.0
-50.0,50,714.470187,0.0
-50.0,50,715.420549,0.0
-50.0,50,716.333987,0.0
-50.0,50,717.197034,0.0
-50.0,50,718.023318,0.0
-50.0,50,718.909535,0.0
-50.0,50,719.803505,0.0
-50.0,50,720.663082,0.0
-50.0,50,721.483964,0.0
-50.0,50,722.401362,0.0
-50.0,50,723.499261,0.0
-50.0,50,724.511473,0.0
-50.0,50,725.529674,0.0
-50.0,50,726.548676,0.0
-50.0,50,727.619569,0.0
-50.0,50,728.624753,0.0
-50.0,50,729.680045,0.0
-50.0,50,730.727139,0.0
-50.0,50,731.820352,0.0
-50.0,50,732.879849,0.0
-5.0,50,733.924466,1.0
-50.0,50,734.980011,0.0
-50.0,50,735.963045,0.0
-50.0,50,737.045467,0.0
-50.0,50,738.1204,0.0
-50.0,50,739.181863,0.0
-50.0,50,740.084545,0.0
-50.0,50,740.97296,0.0
-50.0,50,741.862757,0.0
-50.0,50,742.82156,0.0
-50.0,50,743.776648,0.0
-50.0,50,744.806042,0.0
-50.0,50,745.813252,0.0
-50.0,50,746.853636,0.0
-50.0,50,747.912408,0.0
-50.0,50,748.990944,0.0
-50.0,50,750.048926,0.0
-50.0,50,751.071482,0.0
-50.0,50,752.035305,0.0
-50.0,50,753.03553,0.0
-50.0,50,754.116002,0.0
-50.0,50,755.267064,0.0
-50.0,50,756.381694,0.0
-50.0,50,757.545408,0.0
-50.0,50,758.566566,0.0
-50.0,50,759.577673,0.0
-50.0,50,760.540243,0.0
-50.0,50,761.595777,0.0
-50.0,50,762.627011,0.0
-50.0,50,763.602354,0.0
-50.0,50,764.59201,0.0
-50.0,50,765.601062,0.0
-50.0,50,766.578758,0.0
-50.0,50,767.584095,0.0
-50.0,50,768.533536,0.0
-50.0,50,769.650025,0.0
-50.0,50,770.745249,0.0
-50.0,50,771.81292,0.0
-50.0,50,772.910188,0.0
-50.0,50,773.903878,0.0
-50.0,50,774.927617,0.0
-50.0,50,775.845872,0.0
-50.0,50,776.71915,0.0
-50.0,50,777.658009,0.0
-50.0,50,778.699902,0.0
-50.0,50,779.715947,0.0
-50.0,50,780.778152,0.0
-50.0,50,781.734237,0.0
-50.0,50,782.712394,0.0
-50.0,50,783.777794,0.0
0.0,50,784.836235,1.0
-50.0,50,785.804542,0.0
-50.0,50,786.806673,0.0
-50.0,50,787.70285,0.0
-50.0,50,788.611402,0.0
-50.0,50,789.500423,0.0
-50.0,50,790.662946,0.0
-50.0,50,791.552411,0.0
-50.0,50,792.358698,0.0
-50.0,50,793.228247,0.0
-50.0,50,794.045273,0.0
-50.0,50,794.860327,0.0
-50.0,50,795.712238,0.0
-50.0,50,796.569241,0.0
-50.0,50,797.560206,0.0
-50.0,50,798.489432,0.0
-50.0,50,799.515338,0.0
-50.0,50,800.577389,0.0
-50.0,50,801.653888,0.0
-50.0,50,802.71042,0.0
-50.0,50,803.742374,0.0
-50.0,50,804.804774,0.0
-50.0,50,805.892083,0.0
-50.0,50,806.938597,0.0
-50.0,50,807.985956,0.0
-50.0,50,809.04774,0.0
-50.0,50,809.99175,0.0
-50.0,50,811.064395,0.0
-50.0,50,812.121763,0.0
-50.0,50,813.252431,0.0
-50.0,50,814.26138,0.0
-50.0,50,815.256209,0.0
-50.0,50,816.33361,0.0
-50.0,50,817.378487,0.0
-50.0,50,818.394684,0.0
-50.0,50,819.434705,0.0
-50.0,50,820.442312,0.0
-50.0,50,821.475895,0.0
-50.0,50,822.627712,0.0
-50.0,50,823.626034,0.0
-50.0,50,824.640144,0.0
-50.0,50,825.671455,0.0
-50.0,50,826.675522,0.0
-50.0,50,827.52835,0.0
-50.0,50,828.498416,0.0
-50.0,50,829.38549,0.0
-48.0,50,830.330765,0.0
-50.0,50,831.373364,0.0
-50.0,50,832.327422,0.0
-50.0,50,833.360643,0.0
-50.0,50,834.398381,0.0
-50.0,50,835.469033,0.0
-50.0,50,836.580295,0.0
-50.0,50,837.681036,0.0
-50.0,50,838.778326,0.0
-50.0,50,839.778941,0.0
-50.0,50,840.721548,0.0
-50.0,50,841.677702,0.0
-50.0,50,842.761844,0.0
-50.0,50,843.797435,0.0
-50.0,50,844.843261,0.0
-50.0,50,845.851985,0.0
-50.0,50,846.93496,0.0
-50.0,50,847.907971,0.0
-50.0,50,848.894014,0.0
-50.0,50,849.88249,0.0
-50.0,50,850.950559,0.0
-50.0,50,852.038906,0.0
-50.0,50,853.103787,0.0
-50.0,50,854.226118,0.0
-50.0,50,855.331066,0.0
-50.0,50,856.438322,0.0
-50.0,50,857.598496,0.0
-50.0,50,858.637434,0.0
-50.0,50,859.717344,0.0
-50.0,50,860.7416,0.0
-50.0,50,861.713721,0.0
-50.0,50,862.619956,0.0
-50.0,50,863.493224,0.0
-50.0,50,864.413646,0.0
-50.0,50,865.339932,0.0
-50.0,50,866.259238,0.0
-50.0,50,867.237232,0.0
-50.0,50,868.160193,0.0
-50.0,50,869.069933,0.0
-50.0,50,869.946711,0.0
-50.0,50,870.893129,0.0
-50.0,50,871.799803,0.0
-50.0,50,872.728741,0.0
-50.0,50,873.80438,0.0
-50.0,50,874.894657,0.0
-50.0,50,875.987342,0.0
-50.0,50,876.838812,0.0
-50.0,50,877.733569,0.0
-50.0,50,878.586125,0.0
-50.0,50,879.531098,0.0
-50.0,50,880.528681,0.0
-50.0,50,881.605785,0.0
-50.0,50,882.664812,0.0
-50.0,50,883.720201,0.0
-48.0,50,884.733512,0.0
-50.0,50,885.775999,0.0
-50.0,50,886.829173,0.0
-49.0,50,887.887702,0.0
-50.0,50,888.887743,0.0
-50.0,50,889.882841,0.0
-50.0,50,890.873852,0.0
-50.0,50,891.853104,0.0
-50.0,50,892.842885,0.0
-50.0,50,893.758585,0.0
-50.0,50,894.744948,0.0
-50.0,50,895.712436,0.0
-50.0,50,896.685114,0.0
-50.0,50,897.719745,0.0
-50.0,50,898.772797,0.0
-50.0,50,899.804448,0.0
-50.0,50,900.902016,0.0
-50.0,50,901.981449,0.0
-50.0,50,903.082033,0.0
-50.0,50,904.043841,0.0
-47.0,50,905.0615,0.0
-50.0,50,906.068038,0.0
-50.0,50,907.077129,0.0
-50.0,50,908.015117,0.0
-50.0,50,908.88521,0.0
-50.0,50,909.750217,0.0
-50.0,50,910.652992,0.0
-50.0,50,911.77462,0.0
-50.0,50,912.796014,0.0
-50.0,50,913.842236,0.0
-50.0,50,914.870295,0.0
-50.0,50,915.980731,0.0
-50.0,50,916.980104,0.0
-49.0,50,918.083978,0.0
-50.0,50,919.228124,0.0
-50.0,50,920.368126,0.0
-50.0,50,921.462332,0.0
-50.0,50,922.49187,0.0
-50.0,50,923.571674,0.0
-50.0,50,924.656123,0.0
-50.0,50,925.744021,0.0
-50.0,50,926.774842,0.0
-50.0,50,927.733081,0.0
-50.0,50,928.725756,0.0
-50.0,50,929.745772,0.0
-50.0,50,930.772417,0.0
-50.0,50,931.833976,0.0
-50.0,50,932.886106,0.0
-50.0,50,933.96517,0.0
-50.0,50,934.970351,0.0
-50.0,50,936.023568,0.0
-50.0,50,936.997426,0.0
-50.0,50,937.972611,0.0
-50.0,50,938.892941,0.0
-50.0,50,939.779718,0.0
-50.0,50,940.642879,0.0
-48.0,50,941.631624,0.0
-50.0,50,942.553185,0.0
-50.0,50,943.420697,0.0
-47.0,50,944.336903,0.0
-50.0,50,945.201524,0.0
-50.0,50,946.058612,0.0
-50.0,50,946.988545,0.0
-50.0,50,947.903465,0.0
-50.0,50,948.82145,0.0
-50.0,50,949.757652,0.0
-50.0,50,950.654289,0.0
-50.0,50,951.499071,0.0
-50.0,50,952.486141,0.0
-50.0,50,953.548874,0.0
-50.0,50,954.579874,0.0
-50.0,50,955.668539,0.0
-50.0,50,956.807183,0.0
-50.0,50,957.825557,0.0
-50.0,50,958.846204,0.0
-50.0,50,959.949299,0.0
-50.0,50,960.954247,0.0
-50.0,50,962.099835,0.0
-50.0,50,963.235527,0.0
-50.0,50,964.33919,0.0
-50.0,50,965.360541,0.0
-50.0,50,966.367211,0.0
-50.0,50,967.409712,0.0
-50.0,50,968.558735,0.0
-50.0,50,969.571285,0.0
-50.0,50,970.649348,0.0
-50.0,50,971.717122,0.0
-50.0,50,972.822425,0.0
-50.0,50,973.92409,0.0
-50.0,50,974.997958,0.0
-50.0,50,976.064156,0.0
-50.0,50,977.108609,0.0
-50.0,50,978.225712,0.0
-50.0,50,979.265414,0.0
-50.0,50,980.374312,0.0
-50.0,50,981.43188,0.0
-50.0,50,982.455153,0.0
-50.0,50,983.566353,0.0
-50.0,50,984.636379,0.0
-50.0,50,985.68176,0.0
-50.0,50,986.808309,0.0
-50.0,50,987.853098,0.0
-50.0,50,988.903792,0.0
-50.0,50,989.934342,0.0
-50.0,50,990.836844,0.0
-50.0,50,991.77981,0.0
-50.0,50,992.63796,0.0
-50.0,50,993.65665,0.0
-50.0,50,994.770816,0.0
-50.0,50,995.880977,0.0
-50.0,50,996.991544,0.0
-50.0,50,998.129455,0.0
-50.0,50,999.136555,0.0
-50.0,50,1000.160932,0.0
-50.0,50,1001.320428,0.0
-50.0,50,1002.526345,0.0
-39.0,50,1003.612383,0.0
-50.0,50,1004.614312,0.0
-50.0,50,1005.668759,0.0
-50.0,50,1006.753937,0.0
-50.0,50,1007.792794,0.0
-50.0,50,1008.740429,0.0
-50.0,50,1009.830972,0.0
-50.0,50,1010.886073,0.0
-50.0,50,1011.958853,0.0
-50.0,50,1012.94224,0.0
-50.0,50,1014.084668,0.0
-50.0,50,1015.054436,0.0
-50.0,50,1016.009222,0.0
-50.0,50,1016.973327,0.0
-50.0,50,1017.91856,0.0
-50.0,50,1018.804518,0.0
-50.0,50,1019.72141,0.0
-50.0,50,1020.580182,0.0
-50.0,50,1021.40361,0.0
-50.0,50,1022.282368,0.0
-50.0,50,1023.167428,0.0
-50.0,50,1024.090188,0.0
-50.0,50,1024.935447,0.0
-50.0,50,1025.8557,0.0
-50.0,50,1026.91946,0.0
-50.0,50,1027.917859,0.0
-50.0,50,1029.029751,0.0
-50.0,50,1030.06149,0.0
-50.0,50,1031.019489,0.0
-50.0,50,1032.103085,0.0
-45.0,50,1033.269086,0.0
-50.0,50,1034.367116,0.0
-50.0,50,1035.408728,0.0
-50.0,50,1036.451945,0.0
-50.0,50,1037.461023,0.0
-50.0,50,1038.327025,0.0
-50.0,50,1039.249656,0.0
-50.0,50,1040.134308,0.0
-50.0,50,1041.127386,0.0
-50.0,50,1042.159576,0.0
-50.0,50,1043.246719,0.0
-50.0,50,1044.334955,0.0
-50.0,50,1045.470537,0.0
-50.0,50,1046.514328,0.0
-50.0,50,1047.535403,0.0
-47.0,50,1048.623474,0.0
-50.0,50,1049.59923,0.0
-50.0,50,1050.632742,0.0
-50.0,50,1051.771979,0.0
-50.0,50,1052.836281,0.0
-50.0,50,1053.884436,0.0
-50.0,50,1054.912302,0.0
-50.0,50,1055.965763,0.0
-50.0,50,1056.983719,0.0
-50.0,50,1058.116087,0.0
-50.0,50,1059.216624,0.0
-50.0,50,1060.358015,0.0
-50.0,50,1061.429865,0.0
-50.0,50,1062.389985,0.0
-50.0,50,1063.356032,0.0
-50.0,50,1064.546504,0.0
-50.0,50,1065.606475,0.0
-50.0,50,1066.699042,0.0
-50.0,50,1067.671847,0.0
-50.0,50,1068.734585,0.0
-50.0,50,1069.755434,0.0
-50.0,50,1070.848887,0.0
-50.0,50,1071.896055,0.0
-50.0,50,1072.978739,0.0
-50.0,50,1073.850587,0.0
-50.0,50,1074.693685,0.0
-50.0,50,1075.575881,0.0
-50.0,50,1076.604538,0.0
-50.0,50,1077.60165,0.0
-50.0,50,1078.573781,0.0
-50.0,50,1079.566973,0.0
-50.0,50,1080.645371,0.0
-50.0,50,1081.697574,0.0
-50.0,50,1082.760043,0.0
-50.0,50,1083.77745,0.0
-50.0,50,1084.851846,0.0
-50.0,50,1085.851836,0.0
-44.0,50,1086.827697,0.0
-50.0,50,1087.806105,0.0
-50.0,50,1088.752159,0.0
-50.0,50,1089.820261,0.0
-50.0,50,1090.72968,0.0
-50.0,50,1091.628247,0.0
-50.0,50,1092.554793,0.0
-50.0,50,1093.398645,0.0
-50.0,50,1094.442135,0.0
-50.0,50,1095.284599,0.0
-50.0,50,1096.15664,0.0
-50.0,50,1097.016396,0.0
-50.0,50,1097.953431,0.0
-50.0,50,1098.832678,0.0
-50.0,50,1099.774307,0.0
-50.0,50,1100.902986,0.0
-50.0,50,1101.954707,0.0
-50.0,50,1102.97389,0.0
-48.0,50,1104.02492,0.0
-50.0,50,1105.033066,0.0
-50.0,50,1106.076279,0.0
-50.0,50,1107.098135,0.0
-50.0,50,1108.149825,0.0
-50.0,50,1109.173005,0.0
-50.0,50,1110.270186,0.0
-50.0,50,1111.371827,0.0
-50.0,50,1112.478015,0.0
-50.0,50,1113.522905,0.0
-50.0,50,1114.592735,0.0
-50.0,50,1115.714442,0.0
-50.0,50,1116.77032,0.0
-50.0,50,1117.738823,0.0
-50.0,50,1118.831739,0.0
-50.0,50,1119.931498,0.0
-50.0,50,1121.006041,0.0
-50.0,50,1122.100353,0.0
-50.0,50,1123.048739,0.0
-50.0,50,1123.983757,0.0
-50.0,50,1124.851782,0.0
-50.0,50,1125.738368,0.0
-50.0,50,1126.769037,0.0
-50.0,50,1127.937944,0.0
-50.0,50,1128.98638,0.0
-50.0,50,1130.072437,0.0
-12.0,50,1131.115305,1.0
-50.0,50,1132.1896,0.0
-50.0,50,1133.236882,0.0
-48.0,50,1134.343188,0.0
-50.0,50,1135.44012,0.0
-50.0,50,1136.66058,0.0
-50.0,50,1137.672906,0.0
-50.0,50,1138.652948,0.0
-50.0,50,1139.660758,0.0
-50.0,50,1140.712753,0.0
-50.0,50,1141.777686,0.0
-50.0,50,1142.822157,0.0
-50.0,50,1143.886692,0.0
-50.0,50,1144.932219,0.0
-50.0,50,1145.958552,0.0
-50.0,50,1147.028067,0.0
-50.0,50,1148.071224,0.0
-47.0,50,1149.122539,0.0
-50.0,50,1150.16546,0.0
-50.0,50,1151.239769,0.0
-50.0,50,1152.364022,0.0
-50.0,50,1153.53579,0.0
-48.0,50,1154.59512,0.0
-50.0,50,1155.619718,0.0
-50.0,50,1156.688558,0.0
-49.0,50,1157.721264,0.0
-50.0,50,1158.811848,0.0
-50.0,50,1159.868811,0.0
-50.0,50,1160.842923,0.0
-49.0,50,1161.874508,0.0
-47.0,50,1162.808775,0.0
-50.0,50,1163.707023,0.0
-50.0,50,1164.586121,0.0
-50.0,50,1165.594892,0.0
-50.0,50,1166.517477,0.0
-50.0,50,1167.40491,0.0
-50.0,50,1168.278789,0.0
-50.0,50,1169.213342,0.0
-50.0,50,1170.113337,0.0
-50.0,50,1171.059979,0.0
-50.0,50,1171.930208,0.0
-50.0,50,1172.826758,0.0
-50.0,50,1173.720031,0.0
-50.0,50,1174.61838,0.0
-50.0,50,1175.676583,0.0
-50.0,50,1176.805306,0.0
-50.0,50,1177.861694,0.0
-50.0,50,1178.869395,0.0
-50.0,50,1179.895994,0.0
-50.0,50,1180.99861,0.0
-50.0,50,1182.067754,0.0
-50.0,50,1183.196345,0.0
-50.0,50,1184.271952,0.0
-50.0,50,1185.398868,0.0
-50.0,50,1186.426265,0.0
-50.0,50,1187.492981,0.0
-50.0,50,1188.513259,0.0
-50.0,50,1189.582181,0.0
-50.0,50,1190.636723,0.0
-50.0,50,1191.680508,0.0
-50.0,50,1192.750511,0.0
-50.0,50,1193.759338,0.0
-50.0,50,1194.843046,0.0
-50.0,50,1195.915565,0.0
-50.0,50,1196.91916,0.0
-50.0,50,1197.901314,0.0
-50.0,50,1199.001766,0.0
-50.0,50,1200.074291,0.0
-50.0,50,1201.125662,0.0
-50.0,50,1202.158393,0.0
-50.0,50,1203.356476,0.0
-50.0,50,1204.372367,0.0
-41.0,50,1205.36866,0.0
-50.0,50,1206.397875,0.0
-50.0,50,1207.447264,0.0
-50.0,50,1208.30187,0.0
-50.0,50,1209.15415,0.0
-50.0,50,1210.019656,0.0
-50.0,50,1210.930157,0.0
-49.0,50,1211.943699,0.0
-50.0,50,1212.959721,0.0
-50.0,50,1213.975589,0.0
-50.0,50,1215.016996,0.0
-50.0,50,1216.033973,0.0
-50.0,50,1217.122235,0.0
-50.0,50,1218.106462,0.0
-50.0,50,1219.078471,0.0
-50.0,50,1220.119087,0.0
-50.0,50,1221.156331,0.0
-50.0,50,1222.287316,0.0
-50.0,50,1223.319462,0.0
-50.0,50,1224.293645,0.0
-50.0,50,1225.335303,0.0
-50.0,50,1226.33201,0.0
-50.0,50,1227.370294,0.0
-50.0,50,1228.418891,0.0
-5.0,50,1229.437811,1.0
-50.0,50,1230.46983,0.0
-50.0,50,1231.491297,0.0
-50.0,50,1232.501561,0.0
-50.0,50,1233.539123,0.0
-50.0,50,1234.513332,0.0
-50.0,50,1235.552869,0.0
-50.0,50,1236.586224,0.0
-50.0,50,1237.619582,0.0
-50.0,50,1238.607569,0.0
-50.0,50,1239.467968,0.0
-50.0,50,1240.379866,0.0
-44.0,50,1241.285095,0.0
-50.0,50,1242.258781,0.0
-50.0,50,1243.087298,0.0
-50.0,50,1243.923821,0.0
-50.0,50,1244.788653,0.0
-50.0,50,1245.636373,0.0
-50.0,50,1246.566061,0.0
-50.0,50,1247.447861,0.0
-50.0,50,1248.438605,0.0
-50.0,50,1249.441559,0.0
-50.0,50,1250.529522,0.0
-50.0,50,1251.560047,0.0
-50.0,50,1252.6221,0.0
-50.0,50,1253.607974,0.0
-50.0,50,1254.580717,0.0
-50.0,50,1255.426106,0.0
-50.0,50,1256.313492,0.0
-50.0,50,1257.314873,0.0
-50.0,50,1258.397487,0.0
-50.0,50,1259.370685,0.0
-46.0,50,1260.466375,0.0
-50.0,50,1261.524008,0.0
-50.0,50,1262.562393,0.0
-50.0,50,1263.592407,0.0
-50.0,50,1264.59641,0.0
-50.0,50,1265.575737,0.0
-50.0,50,1266.59897,0.0
-50.0,50,1267.594978,0.0
-50.0,50,1268.733773,0.0
-50.0,50,1269.796561,0.0
-50.0,50,1270.874676,0.0
-50.0,50,1271.934186,0.0
-50.0,50,1272.964375,0.0
-50.0,50,1274.009952,0.0
-50.0,50,1275.068967,0.0
-50.0,50,1276.121331,0.0
-50.0,50,1277.185931,0.0
-50.0,50,1278.246896,0.0
-50.0,50,1279.336872,0.0
-50.0,50,1280.3535,0.0
-50.0,50,1281.445392,0.0
-50.0,50,1282.481738,0.0
-50.0,50,1283.558929,0.0
-50.0,50,1284.573402,0.0
-50.0,50,1285.635839,0.0
-50.0,50,1286.778926,0.0
-50.0,50,1287.889378,0.0
-50.0,50,1288.990391,0.0
-50.0,50,1290.057371,0.0
-50.0,50,1291.098876,0.0
-50.0,50,1292.177794,0.0
-6.0,50,1293.345268,1.0
-50.0,50,1294.373394,0.0
-50.0,50,1295.443975,0.0
-50.0,50,1296.465082,0.0
-50.0,50,1297.325154,0.0
-49.0,50,1298.182086,0.0
-49.0,50,1299.146325,0.0
-50.0,50,1300.240733,0.0
-50.0,50,1301.298733,0.0
-50.0,50,1302.390241,0.0
-50.0,50,1303.466096,0.0
-50.0,50,1304.52717,0.0
-31.0,50,1305.553547,0.0
-50.0,50,1306.671057,0.0
-50.0,50,1307.74825,0.0
-50.0,50,1308.798508,0.0
-50.0,50,1309.822818,0.0
-50.0,50,1310.915177,0.0
-50.0,50,1312.04133,0.0
-50.0,50,1313.006433,0.0
-50.0,50,1313.892617,0.0
-50.0,50,1314.74533,0.0
-50.0,50,1315.647179,0.0
-50.0,50,1316.500231,0.0
-50.0,50,1317.367178,0.0
-50.0,50,1318.226002,0.0
-50.0,50,1319.134295,0.0
-50.0,50,1320.042515,0.0
-50.0,50,1321.006835,0.0
-50.0,50,1321.907833,0.0
-50.0,50,1323.024548,0.0
-50.0,50,1324.095516,0.0
-50.0,50,1325.152204,0.0
-37.0,50,1326.179997,0.0
-50.0,50,1327.147012,0.0
-50.0,50,1328.161933,0.0
-50.0,50,1329.196275,0.0
-50.0,50,1330.197157,0.0
-50.0,50,1331.178814,0.0
-50.0,50,1332.240565,0.0
-50.0,50,1333.283018,0.0
-50.0,50,1334.353462,0.0
-50.0,50,1335.405924,0.0
-50.0,50,1336.501543,0.0
-50.0,50,1337.629522,0.0
-9.0,50,1338.625827,1.0
-50.0,50,1339.492041,0.0
-50.0,50,1340.377183,0.0
-50.0,50,1341.336621,0.0
-50.0,50,1342.382084,0.0
-50.0,50,1343.576256,0.0
-50.0,50,1344.602096,0.0
-46.0,50,1345.642899,0.0
-50.0,50,1346.608901,0.0
-50.0,50,1347.669289,0.0
-50.0,50,1348.683309,0.0
-50.0,50,1349.774077,0.0
-50.0,50,1350.888521,0.0
-50.0,50,1351.968795,0.0
-50.0,50,1353.077217,0.0
-50.0,50,1354.177969,0.0
-7.0,50,1355.237056,1.0
-48.0,50,1356.361175,0.0
-50.0,50,1357.428269,0.0
-50.0,50,1358.524308,0.0
-50.0,50,1359.576402,0.0
-50.0,50,1360.608002,0.0
-47.0,50,1361.744155,0.0
-50.0,50,1362.794266,0.0
-50.0,50,1363.833757,0.0
-50.0,50,1364.872193,0.0
-50.0,50,1365.899083,0.0
-50.0,50,1366.946146,0.0
-50.0,50,1368.137353,0.0
-50.0,50,1369.142875,0.0
